home_listing_id,name,description,availability,price,url,latitude,longitude,address.addr1,address.city,address.region,address.country,address.postal_code,neighborhood,property_type,listing_type,num_beds,num_baths,year_built,image[0].url,image[1].url,image[2].url,image[3].url,image[4].url
A2322675,"119 Marquis Grove Se, Calgary","Situated on a quiet street in the award-winning lake community of Mahogany and backing directly onto the scenic wetlands pathway system, this extensively upgraded Jayman-built home offers over 3600 SQ FT of beautifully finished living space. Featuring 6 BEDROOMS and thoughtfully designed living areas throughout, this exceptional property combines luxury, comfort, and functionality for modern family living. Proudly maintained by its original owners, the home showcases exceptional pride of ownership and a long list of carefully selected upgrades. In 2022, a major renovation elevated the home's style with refinished hardwood flooring, new baseboards, fresh paint, updated lighting throughout, upgraded black hardware, an expanded kitchen cabinetry layout, designer tile backsplash, and a striking feature hood fan.",for_sale,1300000 CAD,https://www.reevesrealty.ca/listing/a2322675-119-marquis-grove-se-calgary-alberta-t3m-1m6/,50.901149200000,-113.919292400000,119 Marquis Grove Se,Calgary,Alberta,CA,T3M 1M6,Mahogany,house,for_sale_by_agent,6,4,2012,https://feed-images.rewhosting.com/pwmls/XLarge/Property/113231161/1-feb6af557052a280063075a53eaa8a3d-l.jpg,https://feed-images.rewhosting.com/pwmls/XLarge/Property/113231161/2-1452bc2b88795a0a0c8152a511f673c7-l.jpg,https://feed-images.rewhosting.com/pwmls/XLarge/Property/113231161/3-0cab94ed5941ed0637e0ca37aa5f18b4-l.jpg,https://feed-images.rewhosting.com/pwmls/XLarge/Property/113231161/4-5ddd5c5716d93a79447b8019961a567d-l.jpg,https://feed-images.rewhosting.com/pwmls/XLarge/Property/113231161/5-203970558c992c7b5fef57c00967fc95-l.jpg
A2337511,"220 Marina Cove Se, Calgary","Welcome to 220 Marina Cove SE, a HIGHLY UPGRADED BUNGALOW in THE STREAMS OF MAHOGANY, where sophisticated design, premium finishes, and energy-efficient features come together to create an exceptional home in one of Calgary’s most desirable lake communities. Thoughtfully finished throughout, this residence delivers an elevated living experience with TRIPLE PANE WINDOWS, 8’ DOORS, SIX SOLAR PANELS, TANKLESS HOT WATER, WATER SOFTENER, and an impressive collection of carefully selected designer upgrades. The open-concept main living area is filled with natural light, creating an inviting and refined setting for both everyday living and entertaining.",for_sale,1075000 CAD,https://www.reevesrealty.ca/listing/a2337511-220-marina-cove-se-calgary-alberta-t3m-3p4/,50.893478700000,-113.934204900000,220 Marina Cove Se,Calgary,Alberta,CA,T3M 3P4,Mahogany,house,for_sale_by_agent,3,3,2022,https://feed-images.rewhosting.com/pwmls/XLarge/Property/114963545/1-6f7eec3f886b4b867b987c6475642403-l.jpg,https://feed-images.rewhosting.com/pwmls/XLarge/Property/114963545/2-a3d28936d1f18e372787eb1b9ff88c39-l.jpg,https://feed-images.rewhosting.com/pwmls/XLarge/Property/114963545/3-ad27222f2984228844e46e0b7040d474-l.jpg,https://feed-images.rewhosting.com/pwmls/XLarge/Property/114963545/4-99e8ff361a2198a352617ee1320cf868-l.jpg,https://feed-images.rewhosting.com/pwmls/XLarge/Property/114963545/5-e9a868f8f60f7f0b1d5a9a13a57f61a9-l.jpg
A2305515,"83 Dawson Wharf Mount, Chestermere","Welcome to 83 Dawson Wharf Mount, an exceptional brand-new Trico Homes residence in the growing lakeside community of Dawson's Landing. Offering over 3,265 square feet of beautifully designed living space, this impressive two-storey home features 5 BEDROOMS, 4.5 BATHROOMS, a TRIPLE ATTACHED GARAGE, and a thoughtfully designed layout that blends luxury, flexibility, and everyday functionality. Set on a desirable 46-foot-wide lot with a WEST-FACING BACKYARD, this home has been carefully crafted to accommodate growing families, multi-generational living, and those who love to entertain. Step inside to discover a bright, open-concept main floor where oversized windows flood the home with natural light.",for_sale,959900 CAD,https://www.reevesrealty.ca/listing/a2305515-83-dawson-wharf-mount-chestermere-alberta-t1x-2x6/,51.026441500000,-113.844566100000,83 Dawson Wharf Mount,Chestermere,Alberta,CA,T1X 2X6,Dawson's Landing,house,for_sale_by_agent,5,5,2026,https://feed-images.rewhosting.com/pwmls/XLarge/Property/110480547/1-c1949371f79558cd42fd747bea0e3791-l.jpg,https://feed-images.rewhosting.com/pwmls/XLarge/Property/110480547/2-e311277a0426dd426f8bd91cd4854508-l.jpg,https://feed-images.rewhosting.com/pwmls/XLarge/Property/110480547/3-62b48142742a9aa8431d797ab61cc083-l.jpg,https://feed-images.rewhosting.com/pwmls/XLarge/Property/110480547/4-f6f2fcfc64a8c89622a5a3947fdfe18e-l.jpg,https://feed-images.rewhosting.com/pwmls/XLarge/Property/110480547/5-197a4f5e026666c4b15bd4fa1c3c18ea-l.jpg
A2336290,"63 Cortina Villas Sw, Calgary","Welcome to 63 Cortina Villas SW, a RARE OPPORTUNITY to own an exceptional bungalow-style villa within the exclusive Cortina Villas enclave in prestigious Springbank Hill. Offering an elegant combination of sophisticated design, generous living spaces, and low-maintenance living, this beautifully appointed residence has been thoughtfully designed for those seeking comfort, quality, and timeless style in one of Calgary’s most desirable southwest communities. From the moment you step inside, soaring ceilings, expansive windows, and an abundance of natural light create an impressive sense of space. The open-concept main level seamlessly connects the kitchen, dining area, and living room, creating an inviting environment for both everyday living and entertaining. Rich finishes, architectural details, and carefully selected design elements bring warmth and refinement throughout the home.",for_sale,899000 CAD,https://www.reevesrealty.ca/listing/a2336290-63-cortina-villas-sw-calgary-alberta-t3h-0w8/,51.035406600000,-114.220671500000,63 Cortina Villas Sw,Calgary,Alberta,CA,T3H 0W8,Springbank Hill,house,for_sale_by_agent,4,3,2012,https://feed-images.rewhosting.com/pwmls/XLarge/Property/114844628/1-282868ba2d5b3a3fa9e097341c15f517-l.jpg,https://feed-images.rewhosting.com/pwmls/XLarge/Property/114844628/2-e5706961144a46ff06e28dcb709f5ca4-l.jpg,https://feed-images.rewhosting.com/pwmls/XLarge/Property/114844628/3-9a0dd0cd22eddc26da91dc1c213759cd-l.jpg,https://feed-images.rewhosting.com/pwmls/XLarge/Property/114844628/4-d455e6df1da33a7f4b7352da18e85edd-l.jpg,https://feed-images.rewhosting.com/pwmls/XLarge/Property/114844628/5-46057dbaf9b667d39d73c9dc111d962b-l.jpg
A2305519,"271 Dawson Wharf Rise, Chestermere","Welcome to 271 Dawson Wharf Rise, an exceptional brand-new Trico Homes Springhill model offering over 2,680 square feet of thoughtfully designed living space in the growing lakeside community of Dawson in Chestermere. Situated on a spacious 46-foot lot with a TRIPLE ATTACHED GARAGE, this beautifully crafted two-storey home combines elegant finishes, flexible living spaces, and a functional layout designed to accommodate today's modern families, multi-generational households, and those who love to entertain. From the moment you enter, you'll appreciate the bright, open-concept design enhanced by large windows that fill the home with natural light. The heart of the main floor is the chef-inspired kitchen, complete with built-in appliances, extensive cabinetry, generous quartz counter space, and a large central island perfect for gathering with family and friends.",for_sale,879900 CAD,https://www.reevesrealty.ca/listing/a2305519-271-dawson-wharf-rise-chestermere-alberta-t1x-2w2/,51.025145800000,-113.845798000000,271 Dawson Wharf Rise,Chestermere,Alberta,CA,T1X 2W2,Dawson's Landing,house,for_sale_by_agent,5,4,2026,https://feed-images.rewhosting.com/pwmls/XLarge/Property/110480628/1-1b5168c9e898642be2854ad3722dedca-l.jpg,https://feed-images.rewhosting.com/pwmls/XLarge/Property/110480628/2-4318b70cc741067d89e4cd330d4094a3-l.jpg,https://feed-images.rewhosting.com/pwmls/XLarge/Property/110480628/3-df35591003a8e1b65fc97068c4a27338-l.jpg,https://feed-images.rewhosting.com/pwmls/XLarge/Property/110480628/4-caad98822bffe880e73bdd0e3fe3de72-l.jpg,https://feed-images.rewhosting.com/pwmls/XLarge/Property/110480628/5-068014edadce7a584c24a2d40c92a4eb-l.jpg
A2333550,"86 Legacy Green Se, Calgary","Welcome to 86 Legacy Green SE, a beautifully maintained two-storey home situated on a desirable CORNER LOT, offering the perfect combination of modern style, thoughtful design, and everyday functionality in one of Calgary’s most sought-after southeast communities. With an inviting open-concept layout, generous living spaces, and timeless finishes throughout, this home is perfectly suited for families, professionals, or anyone looking to enjoy comfortable living in a vibrant neighbourhood. From the moment you step inside, you are welcomed by a bright and airy main floor filled with natural light. Large windows create a warm and inviting atmosphere while the seamless flow between the living room, dining area, and kitchen makes everyday living and entertaining effortless.",for_sale,869000 CAD,https://www.reevesrealty.ca/listing/a2333550-86-legacy-green-se-calgary-alberta-t2x-0x6/,50.857554900000,-114.014425800000,86 Legacy Green Se,Calgary,Alberta,CA,T2X 0X6,Legacy,house,for_sale_by_agent,4,3,2015,https://feed-images.rewhosting.com/pwmls/XLarge/Property/114567014/1-a6528120444d4bb24de371273d302971-l.jpg,https://feed-images.rewhosting.com/pwmls/XLarge/Property/114567014/2-f206dcf354268701f80bb6fc71b261a2-l.jpg,https://feed-images.rewhosting.com/pwmls/XLarge/Property/114567014/3-1d7ae324656d8603b7ad201e7e3cdb63-l.jpg,https://feed-images.rewhosting.com/pwmls/XLarge/Property/114567014/4-836ff103307b44a1b9c8ffe572b7291b-l.jpg,https://feed-images.rewhosting.com/pwmls/XLarge/Property/114567014/5-d93c9fec002771e21900f20ca1d4b01d-l.jpg
A2324246,"177 Mitchell Road Nw, Calgary","Welcome to 177 Mitchell Road NW, an exceptional Trico Homes residence that showcases professional design, premium craftsmanship, and thoughtfully selected upgrades throughout. Every detail of this stunning two-storey home has been carefully considered to deliver the perfect balance of luxury, functionality, and everyday comfort. The bright and welcoming main floor has been designed to suit both everyday living and effortless entertaining. Large windows fill the home with natural light, while the open-concept layout creates seamless flow between the living, dining, and kitchen spaces. A striking electric fireplace serves as the focal point of the great room, adding warmth and contemporary style.",for_sale,849900 CAD,https://www.reevesrealty.ca/listing/a2324246-177-mitchell-road-nw-calgary-alberta-t3r-2g8/,51.190892800000,-114.175447300000,177 Mitchell Road Nw,Calgary,Alberta,CA,T3R 2G8,Glacier Ridge,house,for_sale_by_agent,4,4,2023,https://feed-images.rewhosting.com/pwmls/XLarge/Property/113391199/1-b654980306c3ae0039967345837ad049-l.jpg,https://feed-images.rewhosting.com/pwmls/XLarge/Property/113391199/2-3df6c4bb36a7d0bb73abc200d5a8b632-l.jpg,https://feed-images.rewhosting.com/pwmls/XLarge/Property/113391199/3-985f770c3775c045ee1b60dbcd18a9f5-l.jpg,https://feed-images.rewhosting.com/pwmls/XLarge/Property/113391199/4-97aa66a695dabbf7b88d8458ff1a1ead-l.jpg,https://feed-images.rewhosting.com/pwmls/XLarge/Property/113391199/5-b7800ba1e50a2e4ff3798cf106867345-l.jpg
A2329509,"63 Annette Rise Nw, Calgary","Welcome to 63 Annette Rise NW, an exceptional modern home in the sought-after community of Glacier Ridge, thoughtfully designed to offer stylish living, everyday functionality, and the added value of a fully legal 2-bedroom basement suite. Whether you're searching for a family home with room to grow or a smart investment opportunity with mortgage-supporting rental income, this beautifully finished property delivers outstanding flexibility in one of Calgary's newest northwest communities. Step inside to discover an inviting open-concept main floor where contemporary finishes and abundant natural light create a warm and welcoming atmosphere. Large windows brighten the spacious living room, providing the perfect setting for relaxing with family or entertaining guests.",for_sale,849900 CAD,https://www.reevesrealty.ca/listing/a2329509-63-annette-rise-nw-calgary-alberta-t3r-2l6/,51.194435700000,-114.170236500000,63 Annette Rise Nw,Calgary,Alberta,CA,T3R 2L6,Glacier Ridge,house,for_sale_by_agent,6,5,2026,https://feed-images.rewhosting.com/pwmls/XLarge/Property/114088767/1-9ccc44e043189d03fa0968363b61ddeb-l.jpg,https://feed-images.rewhosting.com/pwmls/XLarge/Property/114088767/2-e1cc66abea389b9926182810a0b1c4aa-l.jpg,https://feed-images.rewhosting.com/pwmls/XLarge/Property/114088767/3-660bb912180036df6ce43b15d5846b3b-l.jpg,https://feed-images.rewhosting.com/pwmls/XLarge/Property/114088767/4-f0380e1ce1331472144eae9752f59531-l.jpg,https://feed-images.rewhosting.com/pwmls/XLarge/Property/114088767/5-59d6e93a3234204ba69bf9680310081f-l.jpg
A2315378,"218 Mitchell Heath Nw, Calgary","NEW KNOCKOUT PRICE – LIMITED-TIME PRICING ON THIS EXCEPTIONAL OPPORTUNITY! Take advantage of this rare chance to own a brand-new luxury bungalow in Glacier Ridge at an incredible value. With a replacement cost exceeding $1 million, this is an opportunity that may not last long. This beautifully designed and professionally finished home offering 2,433 square feet of thoughtfully crafted living space in one of northwest Calgary’s most exciting new communities. From the moment you step inside, you are welcomed by an impressive open-concept layout that seamlessly blends comfort, functionality, and modern elegance. Soaring vaulted ceilings create a remarkable sense of space throughout the main living areas, while expansive windows and nine-foot ceilings allow natural light to pour into the home.",for_sale,840000 CAD,https://www.reevesrealty.ca/listing/a2315378-218-mitchell-heath-nw-calgary-alberta-t3r-2g2/,51.189874400000,-114.173271800000,218 Mitchell Heath Nw,Calgary,Alberta,CA,T3R 2G2,Glacier Ridge,house,for_sale_by_agent,3,3,2024,https://feed-images.rewhosting.com/pwmls/XLarge/Property/111494781/1-97325aa1a6e2f6b79310f4644571846d-l.jpg,https://feed-images.rewhosting.com/pwmls/XLarge/Property/111494781/2-3b73f3d9ce46fdad7e66d14ef438e636-l.jpg,https://feed-images.rewhosting.com/pwmls/XLarge/Property/111494781/3-86a5bfc0efb5eee9759e85a3a25bd38d-l.jpg,https://feed-images.rewhosting.com/pwmls/XLarge/Property/111494781/4-c9d2f3f03cfd14bb37324c1089270f0a-l.jpg,https://feed-images.rewhosting.com/pwmls/XLarge/Property/111494781/5-67ea25e340e1b7bed1a9cac5828de80b-l.jpg
A2333182,"34 Seton Road Se, Calgary","Welcome to 34 Seton Road SE, a beautifully designed home offering the perfect blend of modern style, thoughtful functionality, and an exceptional location in one of Calgary's most vibrant and amenity-rich communities. Enhanced by an impressive 35 SOLAR PANELS, TRIPLE-PANE WINDOWS, CENTRAL AIR CONDITIONING, a TANKLESS WATER HEATER, and an electric vehicle charging rough-in, this home delivers exceptional energy efficiency, modern convenience, and long-term savings while supporting a more sustainable lifestyle. From the moment you step inside, you are welcomed by a bright and inviting interior filled with natural light. The open-concept main floor creates a seamless flow between the living room, dining area, and kitchen, making it easy to entertain guests or enjoy quality time with family.",for_sale,800000 CAD,https://www.reevesrealty.ca/listing/a2333182-34-seton-road-se-calgary-alberta-t3m-3e8/,50.868482600000,-113.951107800000,34 Seton Road Se,Calgary,Alberta,CA,T3M 3E8,Seton,house,for_sale_by_agent,4,4,2020,https://feed-images.rewhosting.com/pwmls/XLarge/Property/114533142/1-246bde3dcd6b911a2217d51fc416cd37-l.jpg,https://feed-images.rewhosting.com/pwmls/XLarge/Property/114533142/2-77ddf456fce3ec7227be3342a12a0bf5-l.jpg,https://feed-images.rewhosting.com/pwmls/XLarge/Property/114533142/3-bb7cea9b6c52f54cb840aa86d4d1904c-l.jpg,https://feed-images.rewhosting.com/pwmls/XLarge/Property/114533142/4-f3d71babef234b2632d895df635487ad-l.jpg,https://feed-images.rewhosting.com/pwmls/XLarge/Property/114533142/5-313408873485c2ea121f2fbf2a67118c-l.jpg
A2331126,"114 Chapalina Terrace Se, Calgary","Welcome to 114 Chapalina Terrace SE, a beautifully maintained and extensively updated family home in the highly desirable lake community of Chaparral. Offering the perfect blend of comfort, functionality, and modern upgrades, this move-in-ready home is ideal for families looking to enjoy one of Calgary's most sought-after neighbourhoods. The bright and inviting main floor features a spacious living room, a generous dining area, and a well-appointed kitchen with ample cabinetry, plenty of counter space, and quality appliances. A convenient powder room and mudroom complete the main level. Upstairs, the spacious primary bedroom offers a walk-in closet and private ensuite, while the additional bedrooms are generously sized and share a full bathroom, providing plenty of space for family, guests, or a home office.",for_sale,774999 CAD,https://www.reevesrealty.ca/listing/a2331126-114-chapalina-terrace-se-calgary-alberta-t2x-3x2/,50.880732800000,-114.044672000000,114 Chapalina Terrace Se,Calgary,Alberta,CA,T2X 3X2,Chaparral,house,for_sale_by_agent,3,4,2005,https://feed-images.rewhosting.com/pwmls/XLarge/Property/114318243/1-44c60adc035d4f6c6ded65552d1051f4-l.jpg,https://feed-images.rewhosting.com/pwmls/XLarge/Property/114318243/2-fadc4862988ca18f9c8e24c71fb6a36b-l.jpg,https://feed-images.rewhosting.com/pwmls/XLarge/Property/114318243/3-b28bc78fa185709e246f64139fd936a7-l.jpg,https://feed-images.rewhosting.com/pwmls/XLarge/Property/114318243/4-9913b8bf5229b896a63153702f16b8ac-l.jpg,https://feed-images.rewhosting.com/pwmls/XLarge/Property/114318243/5-c8016da10726e6ced97ea14b5ea7c666-l.jpg
A2336469,"228 Cornerbrook Road Ne, Calgary","Welcome to 228 Cornerbrook Road NE, a thoughtfully designed home in the growing community of Cornerstone that combines modern finishes, flexible living spaces, and features ideal for today’s busy households. With a MAIN FLOOR BEDROOM AND FULL BATHROOM, SPICE KITCHEN, BUILT-IN APPLIANCES, BONUS ROOM, SIDE ENTRANCE, and NO REAR NEIGHBOURS, this home offers exceptional versatility for growing or multigenerational families. Step inside to an impressive OPEN-TO-ABOVE FRONT ENTRY, where soaring ceilings create a bright and welcoming first impression. The open-concept main floor flows naturally between the kitchen, dining area, and living room, providing a comfortable setting for everyday living and entertaining. A convenient MAIN FLOOR BEDROOM AND FULL BATHROOM offers excellent flexibility for guests, extended family, or those looking for accessible main-level accommodations.",for_sale,749900 CAD,https://www.reevesrealty.ca/listing/a2336469-228-cornerbrook-road-ne-calgary-alberta-t3n-2l2/,51.156284000000,-113.926475300000,228 Cornerbrook Road Ne,Calgary,Alberta,CA,T3N 2L2,Cornerstone,house,for_sale_by_agent,4,3,2026,https://feed-images.rewhosting.com/pwmls/XLarge/Property/114859431/1-b3c05d4ad22f124aceebaf86836f3cc9-l.jpg,https://feed-images.rewhosting.com/pwmls/XLarge/Property/114859431/2-e267a1426e473d2310e1e8eb3aec3d29-l.jpg,https://feed-images.rewhosting.com/pwmls/XLarge/Property/114859431/3-459b5d7e0184e823d41815dac979c6bb-l.jpg,https://feed-images.rewhosting.com/pwmls/XLarge/Property/114859431/4-b5ea37c17030b787e7031f04006b9a3a-l.jpg,https://feed-images.rewhosting.com/pwmls/XLarge/Property/114859431/5-dc655f0279ecddb6d60719f340a5b597-l.jpg
A2340009,"78 Heartwood Villas Se, Calgary","Welcome to 78 Heartwood Villas SE, a beautifully designed brand-new two-storey home offering approximately 2,150 sq. ft. of thoughtfully planned living space in the growing southeast community of Heartwood. Scheduled for possession September 30, 2026, this home blends modern design, functional layout, and quality craftsmanship, making it ideal for families seeking comfort, flexibility, and long-term value. The main floor features a bright open-concept layout enhanced by engineered hardwood flooring, large windows, and a welcoming atmosphere throughout. The spacious kitchen is designed with both style and practicality in mind, showcasing quartz countertops, a central island with breakfast bar seating, modern cabinetry, and a full appliance package. The kitchen flows seamlessly into the dining and living areas, creating an ideal environment for everyday living and entertaining.",for_sale,749900 CAD,https://www.reevesrealty.ca/listing/a2340009-78-heartwood-villas-se-calgary-alberta-t3s-0r7/,50.914954100000,-113.944381200000,78 Heartwood Villas Se,Calgary,Alberta,CA,T3S 0R7,Rangeview,house,for_sale_by_agent,4,4,2026,https://feed-images.rewhosting.com/pwmls/XLarge/Property/115233585/1-b3fd9dad64046b86ddca1e295a0b614a-l.jpg,https://feed-images.rewhosting.com/pwmls/XLarge/Property/115233585/2-f910243ac2ddf8e7f68dd8caf5f8ff4e-l.jpg,https://feed-images.rewhosting.com/pwmls/XLarge/Property/115233585/3-29b6a5c969dc88bc0786381e3e7715b6-l.jpg,https://feed-images.rewhosting.com/pwmls/XLarge/Property/115233585/4-92a415cf235d07fa9beb52125817db07-l.jpg,https://feed-images.rewhosting.com/pwmls/XLarge/Property/115233585/5-9d9eb9127193ee3755988b259d0290d6-l.jpg
A2324334,"174 Mitchell Road Nw, Calgary","Located in the growing northwest community of Glacier Ridge, 174 Mitchell Road NW presents an exceptional opportunity to own a beautifully designed brand-new home that combines modern style, thoughtful functionality, and quality craftsmanship. Built by Trico Homes, this two-storey residence has been carefully planned to accommodate today's busy lifestyles while offering timeless finishes that will be appreciated for years to come. The bright and welcoming main floor features an open-concept layout filled with natural light from oversized windows. Durable engineered hardwood flooring, soaring ceilings, and contemporary finishes create an inviting atmosphere throughout the living spaces.",for_sale,699900 CAD,https://www.reevesrealty.ca/listing/a2324334-174-mitchell-road-nw-calgary-alberta-t3r-2g6/,51.191175800000,-114.174957000000,174 Mitchell Road Nw,Calgary,Alberta,CA,T3R 2G6,Glacier Ridge,house,for_sale_by_agent,3,3,2023,https://feed-images.rewhosting.com/pwmls/XLarge/Property/113400632/1-375f7cc2337cda437ffc518519bcec91-l.jpg,https://feed-images.rewhosting.com/pwmls/XLarge/Property/113400632/2-cf9a8f0c2cbf4cffdd812765ed232eaa-l.jpg,https://feed-images.rewhosting.com/pwmls/XLarge/Property/113400632/3-01ac0be85a9ade9682896c920fb6f394-l.jpg,https://feed-images.rewhosting.com/pwmls/XLarge/Property/113400632/4-a37d3a12f7c5d8c731e745a4f70becbd-l.jpg,https://feed-images.rewhosting.com/pwmls/XLarge/Property/113400632/5-43cd9f644539cd0fc65acbec5ff8f873-l.jpg
A2330809,"545 Bridgeport Street, Chestermere","Beautifully home that combines functional design with comfortable family living. Situated on a quiet street close to parks, schools, pathways, and everyday amenities, this property provides the perfect balance of community charm and convenient access to Calgary. This property features a leaseback opportunity, allowing the builder to lease the home from the purchaser for approximately two years at 6% of the purchase price, providing reliable rental income while the builder maintains the property in showhome condition. The main floor features a bright, open-concept layout designed to maximize both natural light and livability. Large windows create an inviting atmosphere throughout the living and dining areas, while the thoughtfully designed kitchen offers ample cabinetry, generous counter space, and a practical layout that makes meal preparation and entertaining effortless.",for_sale,699900 CAD,https://www.reevesrealty.ca/listing/a2330809-545-bridgeport-street-chestermere-alberta-t1x-3e1/,51.042047500000,-113.848007100000,545 Bridgeport Street,Chestermere,Alberta,CA,T1X 3E1,Bridgeport,house,for_sale_by_agent,3,3,2025,https://feed-images.rewhosting.com/pwmls/XLarge/Property/114293205/1-b5d1b63341df9f6f687ef996f8964b3e-l.jpg,https://feed-images.rewhosting.com/pwmls/XLarge/Property/114293205/2-b0a9ecb586418d5f775ac16286ce2bdd-l.jpg,https://feed-images.rewhosting.com/pwmls/XLarge/Property/114293205/3-706517ea494aa4b81116a774dfcbda6e-l.jpg,https://feed-images.rewhosting.com/pwmls/XLarge/Property/114293205/4-7d1c9e8ad8497f52af097444f9c970f3-l.jpg,https://feed-images.rewhosting.com/pwmls/XLarge/Property/114293205/5-a38bc95f8e2549cf579be4ac40ddb654-l.jpg
A2331456,"305 Precedence View, Cochrane","Welcome to 305 Precedence View, a brand new home built by Renova, where modern design meets refined comfort in one of Cochrane's most desirable settings. Thoughtfully crafted with exceptional attention to detail, this beautifully appointed residence offers an elegant balance of open-concept living and everyday functionality. Expansive windows flood the home with natural light, highlighting the contemporary finishes, durable luxury vinyl plank flooring, and carefully selected materials that create a warm, sophisticated atmosphere. The main living area is designed for both connection and relaxation, seamlessly bringing together the kitchen, dining, and living spaces for effortless entertaining and comfortable family living.",for_sale,699900 CAD,https://www.reevesrealty.ca/listing/a2331456-305-precedence-view-cochrane-alberta-t4c-3b4/,51.171878500000,-114.442639000000,305 Precedence View,Cochrane,Alberta,CA,T4C 3B4,Precedence,house,for_sale_by_agent,3,3,2025,https://feed-images.rewhosting.com/pwmls/XLarge/Property/114349147/1-e794612108c66513ec504c2ecb1df5f8-l.jpg,https://feed-images.rewhosting.com/pwmls/XLarge/Property/114349147/2-5ef0ea64387e792998530b53573900d3-l.jpg,https://feed-images.rewhosting.com/pwmls/XLarge/Property/114349147/3-53e6ff7b09514f6db18e095812e1516a-l.jpg,https://feed-images.rewhosting.com/pwmls/XLarge/Property/114349147/4-7d066039628ce7654d8a73b198352df5-l.jpg,https://feed-images.rewhosting.com/pwmls/XLarge/Property/114349147/5-1f9b33ed0e3a0497a1f7a7509e9e1a81-l.jpg
A2330807,"541 Bridgeport Street, Chestermere","Beautifully designed two-storey home that blends modern style, functional living, and investment potential. Thoughtfully crafted with elegant finishes and a highly practical layout, this home offers the perfect balance of comfort and sophistication. This property features a leaseback opportunity, allowing the builder to lease the home from the purchaser for approximately two years at 6% of the purchase price, providing reliable rental income while the builder maintains the property in showhome condition. The main level welcomes you with a dedicated office space featuring stunning barn doors, creating a private and stylish work-from-home environment. A full bathroom on the main floor adds versatility for guests.",for_sale,682900 CAD,https://www.reevesrealty.ca/listing/a2330807-541-bridgeport-street-chestermere-alberta-t1x-3e1/,51.041955500000,-113.847945000000,541 Bridgeport Street,Chestermere,Alberta,CA,T1X 3E1,Bridgeport,house,for_sale_by_agent,3,3,2025,https://feed-images.rewhosting.com/pwmls/XLarge/Property/114293203/1-07d15e3f3264775eddb7ae7eacdaefff-l.jpg,https://feed-images.rewhosting.com/pwmls/XLarge/Property/114293203/2-02ac851e338795124e5f62f7867a7fa6-l.jpg,https://feed-images.rewhosting.com/pwmls/XLarge/Property/114293203/3-3d325eca8f6c27b76a342c319adb8fd8-l.jpg,https://feed-images.rewhosting.com/pwmls/XLarge/Property/114293203/4-7e48d445ee3c4fa97445d3b7a36b0778-l.jpg,https://feed-images.rewhosting.com/pwmls/XLarge/Property/114293203/5-4e21510e6e998c56cff29094c2858bd9-l.jpg
A2338667,"62 Southborough Crescent, Cochrane","Welcome to 62 Southborough Crescent, a beautifully designed two-storey home offering approximately 2,091 sq. ft. of living space in the growing community of Southbow in Cochrane. Featuring 3 BEDROOMS, 2.5 BATHROOMS, an UPPER BONUS ROOM and DOUBLE ATTACHED GARAGE, this home combines modern finishes with a functional layout designed for everyday living. The bright, open-concept main floor connects the kitchen, dining area, and great room, creating an inviting space for both relaxing and entertaining. Large windows fill the home with natural light, while vinyl plank flooring adds style and durability. The contemporary kitchen features generous cabinetry, ample quartz counter space, a large central island, and plenty of room for meal preparation and casual dining. A dedicated MAIN-FLOOR OFFICE SPACE provides the perfect spot for working from home, studying, or managing daily tasks.",for_sale,679900 CAD,https://www.reevesrealty.ca/listing/a2338667-62-southborough-crescent-cochrane-alberta-t4c-3j3/,51.156924400000,-114.458558600000,62 Southborough Crescent,Cochrane,Alberta,CA,T4C 3J3,Southbow Landing,house,for_sale_by_agent,3,3,2024,https://feed-images.rewhosting.com/pwmls/XLarge/Property/115077857/1-f05aaa650260b0ba256c5b40e63ce596-l.jpg,https://feed-images.rewhosting.com/pwmls/XLarge/Property/115077857/2-628b9cf09088ee9a9ca100ca63deb9ca-l.jpg,https://feed-images.rewhosting.com/pwmls/XLarge/Property/115077857/3-d09c4d39971ee51935dcbcef4df9cf88-l.jpg,https://feed-images.rewhosting.com/pwmls/XLarge/Property/115077857/4-0f04ed8eb9185ec18fa51bba9990290e-l.jpg,https://feed-images.rewhosting.com/pwmls/XLarge/Property/115077857/5-0032d001143f2a132e402d5cde484529-l.jpg
A2330789,"1020 Chinook Gate Heath Sw, Airdrie","Welcome to 1020 Chinook Gate Heath, a meticulously maintained and lightly lived-in home thoughtfully designed to blend modern style, comfort, and everyday functionality. From the moment you step inside, you are greeted by a bright and welcoming atmosphere highlighted by 9-foot ceilings and durable luxury vinyl plank flooring that extends throughout the main level. Every detail has been carefully selected to create a home that feels both refined and inviting. The kitchen is the heart of the home, offering a beautiful and highly functional space for cooking, entertaining, and gathering with family and friends. Quartz countertops, a Silgranit sink, an extended backsplash, and upgraded stainless steel appliances, including a French door refrigerator, slide-in range, built-in microwave, and dishwasher, create a sleek and contemporary design.",for_sale,634500 CAD,https://www.reevesrealty.ca/listing/a2330789-1020-chinook-gate-heath-sw-airdrie-alberta-t4b-5c9/,51.268188400000,-114.046934100000,1020 Chinook Gate Heath Sw,Airdrie,Alberta,CA,T4B 5C9,Chinook Gate,house,for_sale_by_agent,3,3,2021,https://feed-images.rewhosting.com/pwmls/XLarge/Property/114291576/1-b8334634cd58d91c748e0f9c35ef9fbe-l.jpg,https://feed-images.rewhosting.com/pwmls/XLarge/Property/114291576/2-a0c6ad7ca47e58d478d09a708a1a464c-l.jpg,https://feed-images.rewhosting.com/pwmls/XLarge/Property/114291576/3-b6362f77acc32bee5eccc0f5724fbde1-l.jpg,https://feed-images.rewhosting.com/pwmls/XLarge/Property/114291576/4-824880f8e7cff1f7ede54f42dd04e279-l.jpg,https://feed-images.rewhosting.com/pwmls/XLarge/Property/114291576/5-f3dc1642f460af94c12e335a58f68822-l.jpg
A2334571,"521 Bridgeport Street, Chestermere","Welcome to 521 Bridgeport Street, a beautifully designed home that combines modern style, functional living, and quality craftsmanship in the growing community of Bridgeport in Chestermere. Thoughtfully planned to accommodate today's families, this home offers a versatile layout, premium finishes, and the flexibility to adapt to your lifestyle for years to come. From the moment you step inside, you are welcomed by a bright and inviting main floor featuring a thoughtfully designed open-concept layout that creates a seamless connection between the kitchen, dining area, and living room. Large windows allow natural light to flow throughout the home, creating a warm and welcoming atmosphere. The kitchen is both elegant and practical, showcasing full-height cabinetry that provides abundant storage, striking 1¼-inch quartz countertops, and a stylish chimney-style hood fan above the range.",for_sale,609900 CAD,https://www.reevesrealty.ca/listing/a2334571-521-bridgeport-street-chestermere-alberta-t1x-3e1/,51.041500300000,-113.847869900000,521 Bridgeport Street,Chestermere,Alberta,CA,T1X 3E1,Bridgeport,house,for_sale_by_agent,4,3,2026,https://feed-images.rewhosting.com/pwmls/XLarge/Property/114669247/1-c5b16175f3123f5227925a3aa7469a94-l.jpg,https://feed-images.rewhosting.com/pwmls/XLarge/Property/114669247/2-aa94f0329e3903e744b136c589963430-l.jpg,https://feed-images.rewhosting.com/pwmls/XLarge/Property/114669247/3-ff2695123729273b3207d681ff0940f8-l.jpg,https://feed-images.rewhosting.com/pwmls/XLarge/Property/114669247/4-92825fe4fff1b818a5c26966371cb2db-l.jpg,https://feed-images.rewhosting.com/pwmls/XLarge/Property/114669247/5-c7854e126cfe12d70a4e71a18ba04fd6-l.jpg
A2339304,"109 Creekview Manor Sw, Calgary","Welcome to 109 Creekview Manor SW, a beautifully designed 4-BEDROOM, 3-BATHROOM home offering approximately 1,735 SQ. FT. of thoughtfully planned living space in Calgary’s desirable southwest. Built by Trico Homes, this inviting laned home combines contemporary finishes, a functional family-friendly layout and excellent indoor-outdoor living, all set on a WALKOUT BASEMENT HOMESITE near parks and pathways. A welcoming FRONT VERANDA creates an attractive first impression and provides a comfortable place to enjoy the neighbourhood. Step inside to a bright, open-concept main floor designed to keep everyday living connected. The spacious living, dining and kitchen areas flow naturally together, creating an inviting setting for quiet evenings at home, family gatherings and entertaining friends.",for_sale,609900 CAD,https://www.reevesrealty.ca/listing/a2339304-109-creekview-manor-sw-calgary-alberta-t2x-5y1/,50.852589300000,-114.067949200000,109 Creekview Manor Sw,Calgary,Alberta,CA,T2X 5Y1,Pine Creek,house,for_sale_by_agent,4,3,2026,https://feed-images.rewhosting.com/pwmls/XLarge/Property/115160645/1-9dc9d292c8c2ce48740933618011d10f-l.jpg,https://feed-images.rewhosting.com/pwmls/XLarge/Property/115160645/2-439a76eb4b87f78bcb28b27d21770b51-l.jpg,https://feed-images.rewhosting.com/pwmls/XLarge/Property/115160645/3-5a65fb40437e005cf93d6aefa88bd7a6-l.jpg,https://feed-images.rewhosting.com/pwmls/XLarge/Property/115160645/4-03cafbf11d1f2c168aa5ba45e0c6533c-l.jpg,https://feed-images.rewhosting.com/pwmls/XLarge/Property/115160645/5-c6b1042e637a711e56fecd3bbad0d947-l.jpg
A2333493,"83 Wolf Hollow Rise Se, Calgary","Welcome to 83 Wolf Hollow Rise SE, a beautifully crafted brand-new home by Trico Homes, offering contemporary design, quality finishes, and a functional layout in the sought-after community of Wolf Willow. With approximately 1,578 square feet of thoughtfully designed living space above grade, this two-storey home is an excellent opportunity for families, first-time buyers, or anyone looking to enjoy the benefits of a new home in one of Calgary’s fastest-growing southeast neighbourhoods. Step inside to a bright and welcoming main floor where soaring ceilings, large windows, and an open-concept design create an inviting atmosphere filled with natural light. The kitchen serves as the heart of the home, featuring quartz countertops, a spacious island with breakfast bar seating, a gas stove, and ample cabinetry for both everyday living and entertaining.",for_sale,595900 CAD,https://www.reevesrealty.ca/listing/a2333493-83-wolf-hollow-rise-se-calgary-alberta-t2x6a2/,50.873360700000,-113.999736700000,83 Wolf Hollow Rise Se,Calgary,Alberta,CA,T2X6A2,Wolf Willow,house,for_sale_by_agent,3,3,2025,https://feed-images.rewhosting.com/pwmls/XLarge/Property/114561846/1-488373f7d245dfac0e5b6d8637c3eab0-l.jpg,https://feed-images.rewhosting.com/pwmls/XLarge/Property/114561846/2-2531dd8bdb4419bc6e2549b07daae9d4-l.jpg,https://feed-images.rewhosting.com/pwmls/XLarge/Property/114561846/3-a31519138d8f7cd7d1bf172dc5098fa3-l.jpg,https://feed-images.rewhosting.com/pwmls/XLarge/Property/114561846/4-0c9494ee93a64b5368d6ab5248f12f8e-l.jpg,https://feed-images.rewhosting.com/pwmls/XLarge/Property/114561846/5-9c26235926231a084ef6041840d9a496-l.jpg
A2338132,"414, 8235 8 Avenue Sw, Calgary","Welcome to #414, 8235 8 Avenue SW, a stylish 2-BEDROOM, 2.5-BATHROOM home in the highly desirable community of West Springs, offering contemporary finishes, a functional layout, and OVER $11,500 IN UPGRADES INCLUDED IN THE PRICE. OVERSIZED WINDOWS fill the home with natural light, while the attached TANDEM 2-CAR GARAGE provides secure parking and additional convenience. The open-concept main level is designed for comfortable everyday living and entertaining. The modern kitchen features QUARTZ COUNTERTOPS THROUGHOUT and a spacious PENINSULA offering additional prep space, storage, and casual seating. The kitchen flows seamlessly into the dining and living areas, creating a bright and welcoming gathering space. ALL WINDOW COVERINGS are included. Step outside onto the OVERSIZED NORTH-FACING BALCONY, an inviting extension of the living space with plenty of room to relax or entertain.",for_sale,591200 CAD,https://www.reevesrealty.ca/listing/a2338132-414-8235-8-avenue-sw-calgary-alberta-t3h-6h2/,51.062314700000,-114.206457200000,"414, 8235 8 Avenue Sw",Calgary,Alberta,CA,T3H 6H2,West Springs,townhouse,for_sale_by_agent,2,3,2026,https://feed-images.rewhosting.com/pwmls/XLarge/Property/115026116/1-0c4f09ed59831bb1a0d286fbc5b0eb74-l.jpg,https://feed-images.rewhosting.com/pwmls/XLarge/Property/115026116/2-f10473503eda42a108a53c311bf480bb-l.jpg,https://feed-images.rewhosting.com/pwmls/XLarge/Property/115026116/3-cc9ee968627bf78ad0f5c909f3eff9e2-l.jpg,https://feed-images.rewhosting.com/pwmls/XLarge/Property/115026116/4-e045cf47fe1b3d547b03255ddbc5f97e-l.jpg,https://feed-images.rewhosting.com/pwmls/XLarge/Property/115026116/5-cadf8ecc0de7fc2082ad59b319dcbd05-l.jpg
A2325660,"659 Chelsea Pier Run, Chestermere","Welcome to 659 Chelsea Pier Run, a beautifully designed brand-new two-storey home offering over 1,600 square feet of thoughtfully planned living space in the growing, family-friendly community of Chelsea in Chestermere. Featuring contemporary finishes, a functional layout, and immediate possession available, this move-in-ready home is an excellent opportunity for first-time buyers, growing families, or investors looking to enjoy modern living just minutes from Calgary. The main floor offers a bright, open-concept layout that effortlessly connects the kitchen, dining, and living areas, creating a comfortable space for both everyday living and entertaining. Large windows fill the home with natural light, enhancing the fresh, modern interior.",for_sale,574900 CAD,https://www.reevesrealty.ca/listing/a2325660-659-chelsea-pier-run-chestermere-alberta-t1x-3h6/,51.026885600000,-113.857831900000,659 Chelsea Pier Run,Chestermere,Alberta,CA,T1X 3H6,Chelsea_CH,house,for_sale_by_agent,3,3,2025,https://feed-images.rewhosting.com/pwmls/XLarge/Property/113699187/1-bf1213ac5e0ee453aba9930febc6505a-l.jpg,https://feed-images.rewhosting.com/pwmls/XLarge/Property/113699187/2-9d825081585a570d0107171506d13291-l.jpg,https://feed-images.rewhosting.com/pwmls/XLarge/Property/113699187/3-f07cee48653b07321a52f0856e187850-l.jpg,https://feed-images.rewhosting.com/pwmls/XLarge/Property/113699187/4-17c4ca772631012ddbb1e290adaea117-l.jpg,https://feed-images.rewhosting.com/pwmls/XLarge/Property/113699187/5-d5e551645eb3843d094df8e562b4757e-l.jpg
A2329630,"209 Bridgeport Gate N, Chestermere","Welcome to 209 Bridgeport Gate, a beautifully designed brand-new home offering the perfect combination of modern style, functional living, and quality craftsmanship in one of Chestermere's newest communities. Thoughtfully planned for today's families, this home features a versatile layout with spacious living areas, contemporary finishes, and exceptional attention to detail throughout. Step inside to discover a bright, open-concept main floor where large windows fill the home with natural light and create an inviting atmosphere. The spacious living and dining areas flow seamlessly into the well-appointed kitchen, making everyday living and entertaining effortless.",for_sale,545900 CAD,https://www.reevesrealty.ca/listing/a2329630-209-bridgeport-gate-n-chestermere-alberta-t1x-1v9/,51.042576900000,-113.845990200000,209 Bridgeport Gate N,Chestermere,Alberta,CA,T1X 1V9,Bridgeport,house,for_sale_by_agent,4,3,2026,https://feed-images.rewhosting.com/pwmls/XLarge/Property/114155963/1-ba084a25f350e46aa17f0cbfa5a49cb7-l.jpg,https://feed-images.rewhosting.com/pwmls/XLarge/Property/114155963/2-e8332efa18787f7a5fc8e098e168090f-l.jpg,https://feed-images.rewhosting.com/pwmls/XLarge/Property/114155963/3-d8bc144492ecafccd1ae9aa254de1b53-l.jpg,https://feed-images.rewhosting.com/pwmls/XLarge/Property/114155963/4-82a36df488a8573b38c5e8a42d8f4c17-l.jpg,https://feed-images.rewhosting.com/pwmls/XLarge/Property/114155963/5-7a51b4835dfdc74504d5e473134bfde6-l.jpg
A2332571,"1905, 525 River Heights Drive, Cochrane","Welcome to 1905, 525 River Heights Drive, a beautifully designed walkout townhome offering modern finishes and an exceptional low-maintenance lifestyle in the sought-after community of Riversong. Still protected by the NEW HOME WARRANTY, this home may also qualify for a GST REBATE for eligible buyers, making it an outstanding opportunity for first-time buyers, families, or investors alike. Step inside to discover a bright and inviting main floor featuring a thoughtfully designed open-concept layout that blends style with everyday functionality. The light and airy kitchen serves as the heart of the home, showcasing elegant QUARTZ COUNTERTOPS, WHIRLPOOL STAINLESS STEEL APPLIANCES, SOFT-CLOSE CABINETRY, and a GENEROUS CENTRAL ISLAND WITH SEATING that provides plenty of space for meal preparation, casual dining, and entertaining family and friends.",for_sale,467000 CAD,https://www.reevesrealty.ca/listing/a2332571-1905-525-river-heights-drive-cochrane-alberta-t4c-3e4/,51.165596800000,-114.443161700000,"1905, 525 River Heights Drive",Cochrane,Alberta,CA,T4C 3E4,River Heights,townhouse,for_sale_by_agent,4,3,2025,https://feed-images.rewhosting.com/pwmls/XLarge/Property/114479601/1-044667c1fa26f555002470a83f992ef7-l.jpg,https://feed-images.rewhosting.com/pwmls/XLarge/Property/114479601/2-e76572dff19976c87d6270c21c2d8415-l.jpg,https://feed-images.rewhosting.com/pwmls/XLarge/Property/114479601/3-c5360cc68b304f2217d5fa5d2c8eda28-l.jpg,https://feed-images.rewhosting.com/pwmls/XLarge/Property/114479601/4-1c54f18ef418e92bb4f6aafdbe50b0f7-l.jpg,https://feed-images.rewhosting.com/pwmls/XLarge/Property/114479601/5-40eedb7bca6f156d0220c595f700bdcb-l.jpg
A2332672,"804, 525 River Heights Drive, Cochrane","LIMITED TIME PRICING!! Welcome to the newly built #804, 525 River Heights Drive. This townhome features a HUGE SOUTH-FACING FENCED BACKYARD that offers the feel of a single-family yard. Inside, the main floor is bright and open, with a modern layout designed for both style and function. This unit backs onto a WALKING PATH AND GREENSPACE! At the heart of the home is a SLEEK CONTEMPORARY KITCHEN with QUARTZ COUNTERTOPS, MATTE BLACK HARDWARE, WHIRLPOOL STAINLESS STEEL APPLIANCES, SOFT-CLOSE CABINETRY, and a CENTRAL ISLAND WITH SEATING, ideal for casual dining or entertaining. The kitchen flows seamlessly into the dining and living areas, where LARGE WINDOWS and LUXURY FLOORING create a welcoming atmosphere. A powder room and a DEDICATED MUDROOM off the back entrance add practicality to everyday living.",for_sale,432000 CAD,https://www.reevesrealty.ca/listing/a2332672-804-525-river-heights-drive-cochrane-alberta-t4c-3e3/,51.166395100000,-114.444699500000,"804, 525 River Heights Drive",Cochrane,Alberta,CA,T4C 3E3,River Heights,townhouse,for_sale_by_agent,3,3,2025,https://feed-images.rewhosting.com/pwmls/XLarge/Property/114487139/1-1b780c4650b2219663777671a127fc79-l.jpg,https://feed-images.rewhosting.com/pwmls/XLarge/Property/114487139/2-cc0c0987f89054ffdc8a29c30219f698-l.jpg,https://feed-images.rewhosting.com/pwmls/XLarge/Property/114487139/3-c5d7765851811b2b804c2db8f8d4dca9-l.jpg,https://feed-images.rewhosting.com/pwmls/XLarge/Property/114487139/4-2ef6fd7f80c1eecd9c4affb954a5753a-l.jpg,https://feed-images.rewhosting.com/pwmls/XLarge/Property/114487139/5-4c28acd2a266ed707ca6196564dd182b-l.jpg
A2332673,"1507, 525 River Heights Drive, Cochrane","LIMITED TIME PRICING!! WALKOUT UNIT with BRIGHT SPRAWLING EAST VIEWS! NEW HOME WARRANTY INCLUDED and could offer a GST REBATE FOR QUALIFIED BUYERS. This walkout townhome unit offers BRIGHT SPRAWLING EAST VIEWS right from your FULL WIDTH back deck. Step inside to a bright, airy main floor featuring a MODERN OPEN-CONCEPT LAYOUT that is both stylish and functional. At the heart of the home is a SLEEK CONTEMPORARY KITCHEN with QUARTZ COUNTERTOPS, MATTE BLACK HARDWARE, WHIRLPOOL STAINLESS STEEL APPLIANCES, SOFT-CLOSE CABINETRY, and a CENTRAL ISLAND WITH SEATING, ideal for casual dining or entertaining. The kitchen flows seamlessly into the dining and living areas, where LARGE WINDOWS and LUXURY VINYL PLANK FLOORING create a bright and inviting atmosphere. A POWDER ROOM and a DEDICATED MUDROOM off the back entrance provide added convenience and organization for daily living.",for_sale,432000 CAD,https://www.reevesrealty.ca/listing/a2332673-1507-525-river-heights-drive-cochrane-alberta-t4c-3e4/,51.166100800000,-114.443293600000,"1507, 525 River Heights Drive",Cochrane,Alberta,CA,T4C 3E4,River Song,townhouse,for_sale_by_agent,3,3,2025,https://feed-images.rewhosting.com/pwmls/XLarge/Property/114487251/1-d5183ea6b05a82a6103358aef206bc23-l.jpg,https://feed-images.rewhosting.com/pwmls/XLarge/Property/114487251/2-f27a23f989aea6d092549a485b9f2907-l.jpg,https://feed-images.rewhosting.com/pwmls/XLarge/Property/114487251/3-5b5da75cf3a57f3bad77c4dc5410b7b5-l.jpg,https://feed-images.rewhosting.com/pwmls/XLarge/Property/114487251/4-76ad0886dc54467c73540435922111a2-l.jpg,https://feed-images.rewhosting.com/pwmls/XLarge/Property/114487251/5-9a5f23a0ae6f11ab9d499cf88a99b7f2-l.jpg
A2332528,"40 Chaparral Ridge Terrace Se, Calgary","Welcome to 40 Chaparral Ridge Terrace SE, an exceptional 2 BEDROOM PLUS BONUS ROOM CORNER UNIT tucked away on a quiet street in the highly sought-after community of Chaparral. Thoughtfully designed with comfort, functionality, and everyday living in mind, this beautifully maintained home offers a spacious layout and generous living areas ideal for growing families, entertaining guests, or simply enjoying life at home. Recent renovations, including new flooring, countertops, appliances, and fresh paint, provide a modern, move-in-ready feel while enhancing both style and functionality throughout the home. From the moment you step inside, you are welcomed by a bright and inviting foyer that opens into a well-planned main floor filled with natural light.",for_sale,412000 CAD,https://www.reevesrealty.ca/listing/a2332528-40-chaparral-ridge-terrace-se-calgary-alberta-t2x3n6/,50.886915700000,-114.023723700000,40 Chaparral Ridge Terrace Se,Calgary,Alberta,CA,T2X3N6,Chaparral,townhouse,for_sale_by_agent,2,2,1998,https://feed-images.rewhosting.com/pwmls/XLarge/Property/114477337/1-29bbc3011f14e9bcdbc186131f4a9ba3-l.jpg,https://feed-images.rewhosting.com/pwmls/XLarge/Property/114477337/2-7e91096beb7f41d6ebc0672fad8e492a-l.jpg,https://feed-images.rewhosting.com/pwmls/XLarge/Property/114477337/3-1e67955f4ca5d0274c8fc1e3523ab23e-l.jpg,https://feed-images.rewhosting.com/pwmls/XLarge/Property/114477337/4-5b0d02c0d69f4ba11b304395c07616e2-l.jpg,https://feed-images.rewhosting.com/pwmls/XLarge/Property/114477337/5-d8b8f68227620a07b1bb5d83544230ed-l.jpg
A2326973,"85 Walgrove Common Se, Calgary","Welcome to 85 Walgrove Common SE, a stylish and thoughtfully designed CORNER UNIT townhome in the sought-after community of Walden. Offering a modern layout, contemporary finishes, and an abundance of natural light, this home is perfectly suited for first-time buyers, professionals, investors, or anyone seeking low-maintenance living in a vibrant southeast Calgary neighbourhood. The open-concept main floor creates an inviting atmosphere for both everyday living and entertaining, with a spacious living room flowing seamlessly into the dining area and well-appointed kitchen. Designed with both style and functionality in mind, the kitchen features sleek cabinetry, ample counter space, stainless steel appliances, and a large island that is ideal for meal preparation, casual dining, and gathering with family and friends.",for_sale,400000 CAD,https://www.reevesrealty.ca/listing/a2326973-85-walgrove-common-se-calgary-alberta-t2x-4c2/,50.863452400000,-114.012214500000,85 Walgrove Common Se,Calgary,Alberta,CA,T2X 4C2,Walden,townhouse,for_sale_by_agent,2,3,2020,https://feed-images.rewhosting.com/pwmls/XLarge/Property/113839702/1-f8d90fa0fa6b892015f774cfb922cc6c-l.jpg,https://feed-images.rewhosting.com/pwmls/XLarge/Property/113839702/2-48eed8a7438dbe90a07f831475db7163-l.jpg,https://feed-images.rewhosting.com/pwmls/XLarge/Property/113839702/3-5ecc2b4d63bc6eea2a483cd1ea0ec78d-l.jpg,https://feed-images.rewhosting.com/pwmls/XLarge/Property/113839702/4-e08a44432169b25a54577f059f6333b7-l.jpg,https://feed-images.rewhosting.com/pwmls/XLarge/Property/113839702/5-fde99abab66faf7b29ad0a350e36519d-l.jpg
A2329305,"207, 2425 90 Avenue Sw, Calgary","Welcome to 207, 2425 90 Avenue SW, an exceptional opportunity to enjoy spacious, low-maintenance living in the highly sought-after Bayshore Park community. This recently renovated 25+ condominium offers an inviting floor plan, generous room sizes, and outstanding building amenities, making it an excellent choice for downsizers, professionals, or anyone looking to enjoy a carefree lifestyle in one of Calgary's most established southwest neighbourhoods. Step inside and discover a bright, open-concept layout designed for both everyday comfort and effortless entertaining. Large windows fill the living and dining areas with natural light, creating a warm and welcoming atmosphere throughout. Recent updates include a newer kitchen, appliances, flooring, paint, and countertops, giving the home a fresh, modern feel.",for_sale,389990 CAD,https://www.reevesrealty.ca/listing/a2329305-207-2425-90-avenue-sw-calgary-alberta-t2v4x8/,50.971319500000,-114.117084700000,"207, 2425 90 Avenue Sw",Calgary,Alberta,CA,T2V4X8,Palliser,apartment,for_sale_by_agent,2,2,1980,https://feed-images.rewhosting.com/pwmls/XLarge/Property/114067561/1-80ff5e0ebe9a37baf499a335f17474a7-l.jpg,https://feed-images.rewhosting.com/pwmls/XLarge/Property/114067561/2-2582177f5e418fe659c2a1156e997ccb-l.jpg,https://feed-images.rewhosting.com/pwmls/XLarge/Property/114067561/3-76defc90309d18e5e961394733c59b11-l.jpg,https://feed-images.rewhosting.com/pwmls/XLarge/Property/114067561/4-3efce10a93e256567ad6caec3707c0f8-l.jpg,https://feed-images.rewhosting.com/pwmls/XLarge/Property/114067561/5-f6821a14057384b81c49bcc11d2e501c-l.jpg
A2323995,"1214, 570 Silverton Street Sw, Calgary","*Pre-selling and slated for first occupancies in late summer 2028* FIRST TIME HOME BUYERS NEW HOME GST REBATE AVAILABLE!! Bright, spacious, and thoughtfully designed, this 2-bedroom, 2-bathroom home offers approximately 840 sq. ft. of stylish living in the desirable Metro One development. Featuring one of the widest floor plans available, Unit D combines an open layout, quality finishes, and thoughtful upgrades designed for comfortable everyday living and entertaining. The welcoming interior features LVP AND TILE FLOORING, AIR CONDITIONING, a DESIGNER LIGHTING PACKAGE, and professionally curated finishes throughout. At the heart of the home, the spacious central living room connects seamlessly to the dining area and large L-shaped kitchen.",for_sale,382095 CAD,https://www.reevesrealty.ca/listing/a2323995-1214-570-silverton-street-sw-calgary-alberta-t2x-0t9/,50.877450800000,-114.065647400000,"1214, 570 Silverton Street Sw",Calgary,Alberta,CA,T2X 0T9,Silverado,apartment,for_sale_by_agent,2,2,2026,https://feed-images.rewhosting.com/pwmls/XLarge/Property/113362286/1-bfdbd7edf27d7dbfb97974c6bd05ed65-l.jpg,https://feed-images.rewhosting.com/pwmls/XLarge/Property/113362286/2-7f4b3447e1466c1f9c0036ce6cb9d807-l.jpg,https://feed-images.rewhosting.com/pwmls/XLarge/Property/113362286/3-2dfba6e7fc7046abd3d982bfb7af3dd6-l.jpg,https://feed-images.rewhosting.com/pwmls/XLarge/Property/113362286/4-1273e6938097487b2baad6144ab72439-l.jpg,https://feed-images.rewhosting.com/pwmls/XLarge/Property/113362286/5-4fefe5c18a279a1441438414d7a4ebb6-l.jpg
A2323993,"1204, 570 Silverton Street Sw, Calgary","*Pre-selling and slated for first occupancies in late summer 2028* FIRST TIME HOME BUYERS NEW HOME GST REBATE AVAILABLE!! Welcome to Unit C at Metro One, a thoughtfully designed 2-bedroom, 2-bathroom home offering approximately 711 sq. ft. of stylish and functional living space. With limited availability within the development, this well-planned residence combines contemporary finishes, smart storage solutions, and modern conveniences in a desirable southwest Calgary location. The bright and inviting interior features LVP AND TILE FLOORING, QUARTZ COUNTERTOPS THROUGHOUT, a DESIGNER LIGHTING PACKAGE, and AIR CONDITIONING for year-round comfort. The open-concept layout creates a natural flow between the kitchen, dining, and living areas, making the home equally suited to quiet evenings and entertaining.",for_sale,324977 CAD,https://www.reevesrealty.ca/listing/a2323993-1204-570-silverton-street-sw-calgary-alberta-t2x-0t9/,50.877450800000,-114.065647400000,"1204, 570 Silverton Street Sw",Calgary,Alberta,CA,T2X 0T9,Silverado,apartment,for_sale_by_agent,2,2,2026,https://feed-images.rewhosting.com/pwmls/XLarge/Property/113362284/1-4fefe5c18a279a1441438414d7a4ebb6-l.jpg,https://feed-images.rewhosting.com/pwmls/XLarge/Property/113362284/2-ebfc2803d963e2109a06ffab1a514841-l.jpg,https://feed-images.rewhosting.com/pwmls/XLarge/Property/113362284/3-1273e6938097487b2baad6144ab72439-l.jpg,https://feed-images.rewhosting.com/pwmls/XLarge/Property/113362284/4-bfdbd7edf27d7dbfb97974c6bd05ed65-l.jpg,https://feed-images.rewhosting.com/pwmls/XLarge/Property/113362284/5-598257a8d0feab820a950ad318a7bd46-l.jpg
A2318089,"411, 4350 Seton Drive Se, Calgary","Perched on the TOP FLOOR in the sought-after community of Seton, this beautifully appointed two-bedroom, two-bathroom condominium offers the perfect combination of modern design, comfort, and convenience. Thoughtfully designed with contemporary finishes and an open-concept layout, this home is ideal for first-time buyers, professionals, downsizers, or investors seeking a low-maintenance lifestyle in one of Calgary’s most dynamic neighbourhoods. Upon entering, you are welcomed by durable luxury vinyl flooring and impressive 9-foot ceilings that create a bright and spacious atmosphere throughout the home. The well-designed floor plan seamlessly connects the kitchen, dining area, and living room, providing an inviting setting for both everyday living and entertaining guests.",for_sale,320000 CAD,https://www.reevesrealty.ca/listing/a2318089-411-4350-seton-drive-se-calgary-alberta-t3m-3b1/,50.877322600000,-113.947552400000,"411, 4350 Seton Drive Se",Calgary,Alberta,CA,T3M 3B1,Seton,apartment,for_sale_by_agent,2,2,2019,https://feed-images.rewhosting.com/pwmls/XLarge/Property/111779624/1-cf676e29ba281938b82631285bf295c8-l.jpg,https://feed-images.rewhosting.com/pwmls/XLarge/Property/111779624/2-418fd3878dfea0b86cce297d3a2675e5-l.jpg,https://feed-images.rewhosting.com/pwmls/XLarge/Property/111779624/3-8ec9fe5be20af265a8f032d7895f0b1d-l.jpg,https://feed-images.rewhosting.com/pwmls/XLarge/Property/111779624/4-4f10630351d5f03a255af27c491a59dd-l.jpg,https://feed-images.rewhosting.com/pwmls/XLarge/Property/111779624/5-372101286f30cb92aad0134d6e0ca7b6-l.jpg
A2336517,"505, 1334 14 Avenue Sw, Calgary","Welcome to #505, 1334 14 Avenue SW, a beautifully maintained TWO-BEDROOM CORNER UNIT ideally located in the heart of Calgary’s vibrant Beltline district. Offering generous living space, thoughtful updates, and an exceptional inner-city location, this inviting home combines comfort and convenience just steps from restaurants, cafés, shopping, entertainment, and everyday amenities. Step inside to a bright and spacious open-concept layout filled with natural light from large SOUTHWEST-FACING WINDOWS. The well-designed floor plan creates an effortless connection between the kitchen, dining area, and living room, providing an ideal setting for both everyday living and entertaining. The desirable corner-unit position offers added privacy while allowing sunlight to fill the home throughout the day.",for_sale,269900 CAD,https://www.reevesrealty.ca/listing/a2336517-505-1334-14-avenue-sw-calgary-alberta-t3c-0w2/,51.040621700000,-114.093632900000,"505, 1334 14 Avenue Sw",Calgary,Alberta,CA,T3C 0W2,Beltline,apartment,for_sale_by_agent,2,2,1979,https://feed-images.rewhosting.com/pwmls/XLarge/Property/114862448/1-a64bd49b1b09feb464be77562d82649f-l.jpg,https://feed-images.rewhosting.com/pwmls/XLarge/Property/114862448/2-cfb40f31b54ce0bd7b8f1febfb1973ef-l.jpg,https://feed-images.rewhosting.com/pwmls/XLarge/Property/114862448/3-4dd35803996e0f59d47cc84b6954dd59-l.jpg,https://feed-images.rewhosting.com/pwmls/XLarge/Property/114862448/4-29fa5eaec7ff2033104bc3df0abb3c33-l.jpg,https://feed-images.rewhosting.com/pwmls/XLarge/Property/114862448/5-fa4c3023f68c6670cd8abb95ce2a9700-l.jpg
A2323994,"1209, 570 Silverton Street, Calgary","*Pre-selling and slated for first occupancies in late summer 2028* FIRST TIME HOME BUYERS NEW HOME GST REBATE AVAILABLE!! Smart, stylish, and exceptionally versatile, Unit B at Metro One is thoughtfully designed for modern living. This 2-bedroom layout offers an ideal balance of functionality, flexibility, and contemporary style, making it an excellent choice for professionals, remote workers, first-time buyers, or anyone looking for a low-maintenance home that can adapt to their lifestyle. The bright and inviting interior features LVP AND TILE FLOORING, QUARTZ COUNTERTOPS THROUGHOUT, a DESIGNER LIGHTING PACKAGE, and AIR CONDITIONING for year-round comfort. The open-concept living area creates an effortless connection between the kitchen, dining, and living spaces, providing a comfortable setting for everyday life and entertaining.",for_sale,253057 CAD,https://www.reevesrealty.ca/listing/a2323994-1209-570-silverton-street-calgary-alberta-t2x-0t9/,50.877450800000,-114.065647400000,"1209, 570 Silverton Street",Calgary,Alberta,CA,T2X 0T9,Silverado,apartment,for_sale_by_agent,2,1,2026,https://feed-images.rewhosting.com/pwmls/XLarge/Property/113362285/1-bfdbd7edf27d7dbfb97974c6bd05ed65-l.jpg,https://feed-images.rewhosting.com/pwmls/XLarge/Property/113362285/2-56e45d488256313cc49dd885210ccb78-l.jpg,https://feed-images.rewhosting.com/pwmls/XLarge/Property/113362285/3-4fefe5c18a279a1441438414d7a4ebb6-l.jpg,https://feed-images.rewhosting.com/pwmls/XLarge/Property/113362285/4-598257a8d0feab820a950ad318a7bd46-l.jpg,https://feed-images.rewhosting.com/pwmls/XLarge/Property/113362285/5-2dfba6e7fc7046abd3d982bfb7af3dd6-l.jpg
A2321159,"1208, 123 4 Street Ne, Calgary","Welcome to #1208, 123 4 Street NE, an exceptional opportunity to experience elevated inner-city living in one of Calgary’s most sought-after locations. Situated high above the city on the 12th floor, this beautifully appointed one-bedroom condominium offers breathtaking skyline views, contemporary finishes, and a thoughtfully designed floor plan that perfectly balances style, comfort, and convenience. From the moment you step inside, you are greeted by an abundance of natural light streaming through expansive windows that frame spectacular views of downtown Calgary. The open-concept layout creates an inviting atmosphere ideal for both everyday living and entertaining. Luxury vinyl plank flooring, modern finishes, and a neutral colour palette combine to create a sophisticated space that feels both warm and welcoming.",for_sale,239900 CAD,https://www.reevesrealty.ca/listing/a2321159-1208-123-4-street-ne-calgary-alberta-t2e-8k3/,51.053076800000,-114.052020500000,"1208, 123 4 Street Ne",Calgary,Alberta,CA,T2E 8K3,Crescent Heights,apartment,for_sale_by_agent,1,1,2023,https://feed-images.rewhosting.com/pwmls/XLarge/Property/112954597/1-bd1b3b01d966f02b21b08291ddfb2cc8-l.jpg,https://feed-images.rewhosting.com/pwmls/XLarge/Property/112954597/2-02e10d280accfeace4bdf5c1525cc91e-l.jpg,https://feed-images.rewhosting.com/pwmls/XLarge/Property/112954597/3-27b06e0dfbeb466f6c4426e75937356e-l.jpg,https://feed-images.rewhosting.com/pwmls/XLarge/Property/112954597/4-13d323486fdae00b22a8c84592c99c8d-l.jpg,https://feed-images.rewhosting.com/pwmls/XLarge/Property/112954597/5-28066205431b334aa3d9417efed8242d-l.jpg
A2325233,"308, 1513 26 Avenue Sw, Calgary","*OFFERING ONE FREE YEAR OF CONDO FEES* Welcome to 1513 26 Avenue SW, a beautifully maintained inner-city condominium OFFERING ONE FULL YEAR OF FREE CONDO FEES perfectly positioned in the heart of South Calgary, just steps from the vibrant shops, restaurants, cafés, and everyday amenities of Marda Loop. Combining modern updates with exceptional convenience, this thoughtfully renovated home offers an outstanding opportunity for first-time buyers, investors, professionals, or anyone seeking an affordable lifestyle in one of Calgary's most desirable neighbourhoods. Step inside and discover a bright, open-concept layout designed to make the most of every square foot. Fresh contemporary finishes, updated flooring, and modern paint colours create a warm and inviting atmosphere throughout.",for_sale,200000 CAD,https://www.reevesrealty.ca/listing/a2325233-308-1513-26-avenue-sw-calgary-alberta-t2t-1c4/,51.030202400000,-114.095612300000,"308, 1513 26 Avenue Sw",Calgary,Alberta,CA,T2T 1C4,South Calgary,apartment,for_sale_by_agent,1,1,1977,https://feed-images.rewhosting.com/pwmls/XLarge/Property/113665981/1-71a1bb87bdcf8a0ccec02fcaa10e1fa2-l.jpg,https://feed-images.rewhosting.com/pwmls/XLarge/Property/113665981/2-d044f0bb3dd129d20ecc0aa11acbfb62-l.jpg,https://feed-images.rewhosting.com/pwmls/XLarge/Property/113665981/3-4b7483dcf94ac6323928636619f217a6-l.jpg,https://feed-images.rewhosting.com/pwmls/XLarge/Property/113665981/4-4e0bbba8fa3277255d1fa302e9473e3f-l.jpg,https://feed-images.rewhosting.com/pwmls/XLarge/Property/113665981/5-b4b999de089e4139b4335bb7fd583c65-l.jpg
A2326992,"7, 2110 15 Street Sw, Calgary","**SELLER IS OFFERING FREE CONDO FEES FOR 6 MONTHS** Welcome to #7, 2110 15 Street SW, a beautifully maintained condominium nestled on a quiet, tree-lined street in the heart of Bankview. This bright and inviting home features a functional open-concept layout designed for comfortable everyday living and effortless entertaining. Large windows fill the space with natural light, while modern finishes and thoughtful design create a warm, contemporary atmosphere throughout. The kitchen is equipped with sleek cabinetry, ample counter space, and an efficient layout that flows seamlessly into the dining and living areas. The spacious bedroom offers a peaceful retreat, complemented by a well-appointed bathroom and the convenience of in-suite laundry for added comfort and practicality.",for_sale,185000 CAD,https://www.reevesrealty.ca/listing/a2326992-7-2110-15-street-sw-calgary-alberta-t2t-3y8/,51.036131000000,-114.097103500000,"7, 2110 15 Street Sw",Calgary,Alberta,CA,T2T 3Y8,Bankview,apartment,for_sale_by_agent,1,1,1962,https://feed-images.rewhosting.com/pwmls/XLarge/Property/113841268/1-7b5e24dd9eeee58c3ae549ec01cb70cc-l.jpg,https://feed-images.rewhosting.com/pwmls/XLarge/Property/113841268/2-acd0889865fd93a5e52505d095b0c564-l.jpg,https://feed-images.rewhosting.com/pwmls/XLarge/Property/113841268/3-da5a5e975c7288f9ce67401f66c83ed8-l.jpg,https://feed-images.rewhosting.com/pwmls/XLarge/Property/113841268/4-0f95c187effd5de1e28b9f9a157d9695-l.jpg,https://feed-images.rewhosting.com/pwmls/XLarge/Property/113841268/5-b892a8a78f9b8ee8f65a093d9eee747f-l.jpg
